mean,std
5.143925511422786,1.7953326665254425
